timestamp,cpu_percent,memory_percent,disk_io_read,disk_io_write,network_sent,network_received,processing_rate,success_rate,error_rate,active_threads
2025-03-18 22:31:17,11.0,54.3,0,4096,0,2048,0.0,1.0,0.0,4
2025-03-18 22:31:22,8.9,54.3,0,1400832,140288,23552,0.0,1.0,0.0,4
2025-03-18 22:31:27,17.7,54.3,0,1708032,156672,267264,0.0,1.0,0.0,4
2025-03-18 22:31:32,20.0,54.4,49152,1904640,279552,23552,0.0,1.0,0.0,4
2025-03-18 22:31:37,8.3,54.4,0,4325376,303104,32768,0.0,1.0,0.0,4
2025-03-18 22:31:42,17.5,54.3,8192,3112960,17408,28672,0.0,1.0,0.0,4
2025-03-18 22:31:47,8.1,54.3,4096,7213056,221184,23552,0.0,1.0,0.0,4
2025-03-18 22:31:52,10.5,54.1,0,2146304,12288,157696,0.0,1.0,0.0,4
2025-03-18 22:31:57,13.0,54.2,0,1933312,221184,23552,0.0,1.0,0.0,4
2025-03-18 22:32:03,11.9,53.8,0,1597440,14336,17408,0.0,1.0,0.0,4
2025-03-18 22:32:08,12.5,54.4,24576,3911680,220160,33792,0.0,1.0,0.0,4
2025-03-18 22:32:13,20.3,54.0,4096,1789952,15360,20480,0.0,1.0,0.0,4
2025-03-18 22:32:18,47.6,54.4,52240384,6914048,222208,25600,0.0,1.0,0.0,4
2025-03-18 22:32:23,11.1,54.5,12050432,13524992,9216,36864,0.0,1.0,0.0,4
2025-03-18 22:32:28,11.7,54.5,274432,261992448,222208,96171008,0.0,1.0,0.0,4
2025-03-18 22:32:33,13.0,54.2,307200,87150592,176128,82471936,0.0,1.0,0.0,4
2025-03-18 22:32:38,30.2,54.4,233472,512622592,145408,72932352,0.0,1.0,0.0,4
2025-03-18 22:32:43,12.0,54.5,368640,68247552,257024,39936,0.0,1.0,0.0,4
2025-03-18 22:32:49,15.6,55.1,6287360,4509696,282624,1405952,0.0,1.0,0.0,4
2025-03-18 22:32:54,22.0,55.4,17068032,7462912,100352,394240,0.0,1.0,0.0,4
2025-03-18 22:32:59,44.3,55.3,253952,5181440,27648,31744,0.0,1.0,0.0,4
2025-03-18 22:33:04,12.6,55.3,802816,5267456,349184,77824,0.0,1.0,0.0,4
2025-03-18 22:33:09,25.8,55.0,3731456,2121728,25600,20480,0.0,1.0,0.0,4
2025-03-18 22:33:14,16.1,55.0,2912256,20570112,332800,30720,0.0,1.0,0.0,4
2025-03-18 22:33:19,18.4,55.0,1245184,729088,4096,11264,0.0,1.0,0.0,4
2025-03-18 22:33:24,10.3,55.1,4096,4571136,24576,50176,0.0,1.0,0.0,4
2025-03-18 22:33:29,7.4,55.2,94208,2740224,29696,68608,0.0,1.0,0.0,4
2025-03-18 22:33:35,11.3,55.0,70033408,5038080,399360,18432,0.0,1.0,0.0,4
2025-03-18 22:33:40,8.8,55.1,221184,6213632,12288,24576,0.0,1.0,0.0,4
2025-03-18 22:33:45,11.1,55.0,106496,3997696,24576,22528,0.0,1.0,0.0,4
2025-03-18 22:33:50,5.8,55.0,28672,2953216,9216,7168,0.0,1.0,0.0,4
2025-03-18 22:33:55,4.7,55.0,36864,1470464,1024,5120,0.0,1.0,0.0,4
2025-03-18 22:34:00,6.5,55.0,16384,278528,7168,3072,0.0,1.0,0.0,4
2025-03-18 22:34:05,12.2,55.0,4096,98304,89088,102400,0.0,1.0,0.0,4
2025-03-18 22:34:10,10.3,54.8,606208,2985984,139264,1914880,0.0,1.0,0.0,4
2025-03-18 22:34:15,10.9,54.9,1097728,10350592,6144,13312,0.0,1.0,0.0,4
2025-03-18 22:34:21,59.8,55.0,118784,3297280,9216,12288,0.0,1.0,0.0,4
2025-03-18 22:34:26,13.7,54.8,114688,2805760,441344,62464,0.0,1.0,0.0,4
2025-03-18 22:34:31,48.8,55.1,471040,4927488,12288,37888,0.0,1.0,0.0,4
2025-03-18 22:34:36,35.8,55.2,21463040,2539520,25600,16384,0.0,1.0,0.0,4
2025-03-18 22:34:41,10.4,55.1,34111488,8237056,2632704,123904,0.0,1.0,0.0,4
2025-03-18 22:34:46,12.8,54.6,102400,14295040,37888,15360,0.0,1.0,0.0,4
2025-03-18 22:34:51,15.3,54.9,2211840,2695168,721920,36864,0.0,1.0,0.0,4
2025-03-18 22:34:56,13.9,55.1,0,2719744,5120,11264,0.0,1.0,0.0,4
2025-03-18 22:35:01,18.4,54.9,57344,1490944,19456,49152,0.0,1.0,0.0,4
2025-03-18 22:35:07,39.2,55.0,17506304,95162368,761856,137216,0.0,1.0,0.0,4
2025-03-18 22:35:12,13.3,55.0,106496,2850816,1429504,41984,0.0,1.0,0.0,4
2025-03-18 22:35:17,17.9,55.0,24576,8146944,1271808,74752,0.0,1.0,0.0,4
2025-03-18 22:35:22,16.8,55.1,327680,5955584,760832,59392,0.0,1.0,0.0,4
2025-03-18 22:35:27,35.2,55.2,4075520,2371584,44032,37888,0.0,1.0,0.0,4
2025-03-18 22:35:32,11.2,55.2,2994176,8835072,680960,329728,0.0,1.0,0.0,4
2025-03-18 22:35:37,11.7,54.9,3186688,5038080,26624,23552,0.0,1.0,0.0,4
2025-03-18 22:35:42,30.2,55.2,634880,4562944,29696,26624,0.0,1.0,0.0,4
2025-03-18 22:35:47,25.6,55.2,786432,9752576,11264,11264,0.0,1.0,0.0,4
2025-03-18 22:35:53,4.8,55.1,0,3014656,4096,5120,0.0,1.0,0.0,4
2025-03-18 22:35:58,10.4,55.0,12288,5939200,695296,31744,0.0,1.0,0.0,4
2025-03-18 22:36:03,0.0,55.2,53641216,13541376,2048,8192,0.0,1.0,0.0,4
2025-03-18 22:36:08,10.3,54.8,90013696,23252992,755712,1801216,0.0,1.0,0.0,4
2025-03-18 22:36:13,14.3,54.6,421888,6938624,17408,27648,0.0,1.0,0.0,4
2025-03-18 22:36:18,9.2,54.6,20480,1175552,14336,20480,0.0,1.0,0.0,4
2025-03-18 22:36:23,13.7,54.4,61440,1019904,11264,23552,0.0,1.0,0.0,4
2025-03-18 22:36:28,14.5,54.8,1683456,3403776,37888,58368,0.0,1.0,0.0,4
2025-03-18 22:36:33,5.8,54.8,380928,2871296,23552,55296,0.0,1.0,0.0,4
2025-03-18 22:36:38,18.5,54.8,700416,10887168,52224,303104,0.0,1.0,0.0,4
2025-03-18 22:36:44,7.3,54.8,65536,5439488,2048,5120,0.0,1.0,0.0,4
2025-03-18 22:36:49,8.2,54.8,20480,643072,4096,3072,0.0,1.0,0.0,4
2025-03-18 22:36:54,24.6,54.9,4222976,1773568,7168,149504,0.0,1.0,0.0,4
2025-03-18 22:36:59,12.2,54.7,16384,5496832,604160,39936,0.0,1.0,0.0,4
2025-03-18 22:37:04,38.2,54.9,147456,6418432,24576,37888,0.0,1.0,0.0,4
2025-03-18 22:37:09,10.6,54.9,57344,7692288,748544,116736,0.0,1.0,0.0,4
2025-03-18 22:37:14,44.4,54.9,987136,12947456,55296,96256,0.0,1.0,0.0,4
2025-03-18 22:37:19,8.0,54.8,1654784,19877888,827392,1704960,0.0,1.0,0.0,4
2025-03-18 22:37:24,8.1,54.5,0,3153920,24576,149504,0.0,1.0,0.0,4
2025-03-18 22:37:30,8.7,54.6,1081344,569344,4096,22528,0.0,1.0,0.0,4
2025-03-18 22:37:35,24.2,55.0,1167360,6205440,10240,19456,0.0,1.0,0.0,4
2025-03-18 22:37:40,7.4,54.5,778240,7888896,25600,21504,0.0,1.0,0.0,4
2025-03-18 22:37:45,20.0,54.7,229376,8892416,51200,299008,0.0,1.0,0.0,4
2025-03-18 22:37:50,12.1,54.6,102400,1478656,11264,20480,0.0,1.0,0.0,4
2025-03-18 22:37:55,8.0,54.7,499712,2306048,4096,6144,0.0,1.0,0.0,4
2025-03-18 22:38:00,3.9,54.3,0,32768,3072,8192,0.0,1.0,0.0,4
2025-03-18 22:38:05,27.6,54.2,5439488,5566464,5120,27648,0.0,1.0,0.0,4
2025-03-18 22:38:10,21.7,55.1,58191872,14348288,492544,66560,0.0,1.0,0.0,4
2025-03-18 22:38:16,0.9,55.1,18083840,8597504,16384,40960,0.0,1.0,0.0,4
2025-03-18 22:38:21,3.8,54.8,106496,155648,2048,5120,0.0,1.0,0.0,4
2025-03-18 22:38:26,1.7,54.9,335872,3448832,32768,43008,0.0,1.0,0.0,4
2025-03-18 22:38:31,1.6,55.0,1781760,1740800,44032,106496,0.0,1.0,0.0,4
2025-03-18 22:38:36,14.4,55.1,516096,6352896,21504,36864,0.0,1.0,0.0,4
2025-03-18 22:38:41,9.8,55.0,294912,2408448,32768,53248,0.0,1.0,0.0,4
2025-03-18 22:38:46,11.4,55.1,2084864,16916480,172032,1740800,0.0,1.0,0.0,4
2025-03-18 22:38:51,29.2,55.0,1081344,5017600,73728,431104,0.0,1.0,0.0,4
2025-03-18 22:38:56,30.4,54.9,11509760,4681728,7168,21504,0.0,1.0,0.0,4
2025-03-18 22:39:02,15.6,54.9,7274496,1347584,23552,151552,0.0,1.0,0.0,4
2025-03-18 22:39:07,16.0,54.8,122880,1343488,6144,26624,0.0,1.0,0.0,4
2025-03-18 22:39:12,0.0,54.7,57344,1662976,9216,11264,0.0,1.0,0.0,4
2025-03-18 22:39:17,7.4,55.3,35610624,25190400,564224,180224,0.0,1.0,0.0,4
2025-03-18 22:39:22,3.3,54.8,37126144,339968,9216,16384,0.0,1.0,0.0,4
2025-03-18 22:39:27,11.3,54.5,155648,2043904,20480,18432,0.0,1.0,0.0,4
2025-03-18 22:39:32,3.9,54.8,4386816,7483392,45056,201728,0.0,1.0,0.0,4
2025-03-18 22:39:37,3.2,54.7,1822720,1417216,5120,7168,0.0,1.0,0.0,4
2025-03-18 22:39:42,20.8,54.8,14548992,1351680,6144,16384,0.0,1.0,0.0,4
2025-03-18 22:39:48,6.5,54.7,1122304,8409088,40960,171008,0.0,1.0,0.0,4
2025-03-18 22:39:53,5.9,54.3,53248,2732032,7168,34816,0.0,1.0,0.0,4
2025-03-18 22:39:58,13.7,55.3,3952640,7315456,141312,1168384,0.0,1.0,0.0,4
2025-03-18 22:40:03,7.4,54.9,442368,3780608,44032,316416,0.0,1.0,0.0,4
2025-03-18 22:40:08,3.9,54.9,90112,2170880,13312,27648,0.0,1.0,0.0,4
2025-03-18 22:40:13,36.5,54.8,1781760,10305536,96256,188416,0.0,1.0,0.0,4
2025-03-18 22:40:18,8.3,54.6,176128,1122304,41984,104448,0.0,1.0,0.0,4
2025-03-18 22:40:23,10.9,54.6,0,2039808,28672,155648,0.0,1.0,0.0,4
2025-03-18 22:40:28,9.4,54.7,49152,204800,30720,90112,0.0,1.0,0.0,4
2025-03-18 22:40:33,11.7,54.3,3194880,2691072,8192,10240,0.0,1.0,0.0,4
2025-03-18 22:40:39,22.2,54.8,29843456,13684736,82944,218112,0.0,1.0,0.0,4
2025-03-18 22:40:44,1.6,54.5,2035712,13430784,31744,109568,0.0,1.0,0.0,4
2025-03-18 22:40:49,0.8,54.9,81920,1249280,21504,149504,0.0,1.0,0.0,4
2025-03-18 22:40:54,18.3,54.8,16384,5332992,28672,166912,0.0,1.0,0.0,4
2025-03-18 22:40:59,12.5,54.5,49152,294912,25600,153600,0.0,1.0,0.0,4
2025-03-18 22:41:04,0.8,54.8,16384,561152,52224,324608,0.0,1.0,0.0,4
2025-03-18 22:41:09,3.3,54.8,864256,4268032,104448,649216,0.0,1.0,0.0,4
2025-03-18 22:41:14,16.7,54.3,1396736,6291456,58368,305152,0.0,1.0,0.0,4
2025-03-18 22:41:19,7.9,54.9,0,163840,47104,300032,0.0,1.0,0.0,4
2025-03-18 22:41:25,42.1,54.6,0,1724416,69632,330752,0.0,1.0,0.0,4
2025-03-18 22:41:30,13.9,54.9,229376,2027520,46080,178176,0.0,1.0,0.0,4
2025-03-18 22:41:35,18.1,54.9,2215936,1347584,61440,329728,0.0,1.0,0.0,4
2025-03-18 22:41:40,0.8,54.8,28672,1703936,44032,291840,0.0,1.0,0.0,4
2025-03-18 22:41:45,3.4,54.9,704512,9408512,60416,301056,0.0,1.0,0.0,4
2025-03-18 22:41:50,2.4,55.0,249856,1642496,44032,324608,0.0,1.0,0.0,4
2025-03-18 22:41:55,50.0,55.0,77824,1253376,38912,310272,0.0,1.0,0.0,4
2025-03-18 22:42:00,18.4,54.9,0,544768,32768,162816,0.0,1.0,0.0,4
2025-03-18 22:42:05,3.1,54.7,16384,135168,41984,304128,0.0,1.0,0.0,4
2025-03-18 22:42:11,9.2,54.8,57344,905216,49152,306176,0.0,1.0,0.0,4
2025-03-18 22:42:16,7.8,54.4,20480,7561216,94208,589824,0.0,1.0,0.0,4
2025-03-18 22:42:21,50.8,55.4,49152,4059136,87040,570368,0.0,1.0,0.0,4
2025-03-18 22:42:26,27.6,54.8,991232,958464,126976,450560,0.0,1.0,0.0,4
2025-03-18 22:42:31,4.2,54.6,2424832,4308992,54272,201728,0.0,1.0,0.0,4
2025-03-18 22:42:36,15.6,54.9,1740800,7692288,477184,2245632,0.0,1.0,0.0,4
2025-03-18 22:42:41,33.6,54.9,24576,6987776,78848,222208,0.0,1.0,0.0,4
2025-03-18 22:42:46,8.2,54.8,425984,13209600,106496,285696,0.0,1.0,0.0,4
2025-03-18 22:42:51,7.3,54.9,417792,1716224,24576,18432,0.0,1.0,0.0,4
2025-03-18 22:42:57,53.4,55.2,458752,2433024,31744,159744,0.0,1.0,0.0,4
2025-03-18 22:43:02,37.8,55.0,2498560,3555328,35840,72704,0.0,1.0,0.0,4
2025-03-18 22:43:07,12.4,54.8,18341888,22118400,1056768,118784,0.0,1.0,0.0,4
2025-03-18 22:43:12,13.8,55.0,2961408,5058560,32768,162816,0.0,1.0,0.0,4
2025-03-18 22:43:17,4.0,54.9,12288,10956800,62464,38912,0.0,1.0,0.0,4
2025-03-18 22:43:22,11.7,54.9,65536,1757184,56320,229376,0.0,1.0,0.0,4
2025-03-18 22:43:27,10.2,55.1,32768,757760,93184,375808,0.0,1.0,0.0,4
2025-03-18 22:43:32,33.6,55.0,290816,3674112,94208,638976,0.0,1.0,0.0,4
2025-03-18 22:43:37,22.7,54.9,151552,942080,38912,199680,0.0,1.0,0.0,4
2025-03-18 22:43:42,29.3,54.9,131072,2252800,37888,260096,0.0,1.0,0.0,4
2025-03-18 22:43:48,11.1,55.1,45056,6139904,68608,323584,0.0,1.0,0.0,4
2025-03-18 22:43:53,11.7,54.9,0,1433600,25600,149504,0.0,1.0,0.0,4
2025-03-18 22:43:58,0.8,55.0,0,2400256,43008,297984,0.0,1.0,0.0,4
2025-03-18 22:44:03,8.1,54.8,20480,581632,26624,160768,0.0,1.0,0.0,4
2025-03-18 22:44:08,23.3,54.8,1667072,921600,41984,303104,0.0,1.0,0.0,4
2025-03-18 22:44:13,5.6,55.0,978944,5132288,39936,291840,0.0,1.0,0.0,4
2025-03-18 22:44:18,13.1,55.1,16384,585728,57344,299008,0.0,1.0,0.0,4
2025-03-18 22:44:23,1.6,54.8,0,806912,29696,177152,0.0,1.0,0.0,4
2025-03-18 22:44:28,9.7,54.9,327680,966656,63488,314368,0.0,1.0,0.0,4
2025-03-18 22:44:34,2.4,54.8,36864,544768,43008,296960,0.0,1.0,0.0,4
2025-03-18 22:44:39,9.4,54.8,20480,3665920,88064,578560,0.0,1.0,0.0,4
2025-03-18 22:44:44,6.2,54.6,16384,4681728,53248,300032,0.0,1.0,0.0,4
2025-03-18 22:44:49,1.6,54.7,0,757760,4096,3072,0.0,1.0,0.0,4
2025-03-18 22:44:54,14.5,54.8,0,1310720,3072,31744,0.0,1.0,0.0,4
2025-03-18 22:44:59,15.1,54.5,1064960,1589248,24576,135168,0.0,1.0,0.0,4
2025-03-18 22:45:04,12.1,54.6,0,65536,3072,50176,0.0,1.0,0.0,4
2025-03-18 22:45:09,2.5,54.8,106496,3809280,34816,166912,0.0,1.0,0.0,4
2025-03-18 22:45:14,2.5,54.8,36864,3842048,21504,152576,0.0,1.0,0.0,4
2025-03-18 22:45:20,2.4,54.8,0,4636672,66560,329728,0.0,1.0,0.0,4
2025-03-18 22:45:25,0.8,54.8,0,110592,70656,333824,0.0,1.0,0.0,4
2025-03-18 22:45:30,7.0,54.9,8192,1118208,50176,302080,0.0,1.0,0.0,4
2025-03-18 22:45:35,9.8,55.0,0,1101824,37888,290816,0.0,1.0,0.0,4
2025-03-18 22:45:40,10.5,55.0,126976,11268096,1437696,219136,0.0,1.0,0.0,4
2025-03-18 22:45:45,20.5,54.9,53248,18829312,1453056,358400,0.0,1.0,0.0,4
2025-03-18 22:45:50,12.7,54.9,135168,5959680,107520,612352,0.0,1.0,0.0,4
2025-03-18 22:45:55,15.8,54.9,28672,24059904,1447936,369664,0.0,1.0,0.0,4
2025-03-18 22:46:00,18.3,55.1,90112,19038208,2868224,412672,0.0,1.0,0.0,4
2025-03-18 22:46:06,7.4,55.1,11190272,18374656,1541120,533504,0.0,1.0,0.0,4
2025-03-18 22:46:11,9.7,54.6,8093696,14266368,72704,5217280,0.0,1.0,0.0,4
2025-03-18 22:46:16,2.4,54.6,73728,14475264,22528,31744,0.0,1.0,0.0,4
2025-03-18 22:46:21,1.6,54.7,28672,1482752,69632,45056,0.0,1.0,0.0,4
2025-03-18 22:46:26,9.4,54.7,49152,1277952,70656,80896,0.0,1.0,0.0,4
2025-03-18 22:46:31,1.6,54.7,0,1671168,2048,6144,0.0,1.0,0.0,4
2025-03-18 22:46:36,2.4,54.7,0,40960,8192,15360,0.0,1.0,0.0,4
2025-03-18 22:46:41,9.8,54.5,704512,3653632,2048,7168,0.0,1.0,0.0,4
2025-03-18 22:46:46,2.5,54.6,0,4104192,5120,14336,0.0,1.0,0.0,4
2025-03-18 22:46:52,14.6,54.7,65536,335872,2048,9216,0.0,1.0,0.0,4
2025-03-18 22:46:57,5.6,54.6,2134016,4767744,56320,326656,0.0,1.0,0.0,4
2025-03-18 22:47:02,12.1,54.5,0,229376,5120,13312,0.0,1.0,0.0,4
2025-03-18 22:47:07,15.7,54.6,13348864,258048,15360,39936,0.0,1.0,0.0,4
2025-03-18 22:47:12,14.3,54.6,86016,4497408,30720,48128,0.0,1.0,0.0,4
2025-03-18 22:47:17,9.3,54.5,0,9609216,36864,29696,0.0,1.0,0.0,4
2025-03-18 22:47:22,3.2,54.5,0,1097728,17408,34816,0.0,1.0,0.0,4
2025-03-18 22:47:27,6.8,54.3,0,1585152,25600,45056,0.0,1.0,0.0,4
2025-03-18 22:47:32,5.7,54.5,0,806912,4096,16384,0.0,1.0,0.0,4
2025-03-18 22:47:38,10.2,54.5,0,2985984,6144,21504,0.0,1.0,0.0,4
2025-03-18 22:47:43,11.6,54.5,0,1437696,4096,6144,0.0,1.0,0.0,4
2025-03-18 22:47:48,2.4,54.5,0,4222976,9216,22528,0.0,1.0,0.0,4
2025-03-18 22:47:53,7.9,54.7,81920,2232320,12288,21504,0.0,1.0,0.0,4
2025-03-18 22:47:58,7.9,54.7,13602816,77942784,19456,55296,0.0,1.0,0.0,4
2025-03-18 22:48:03,4.9,54.6,36864,4898816,52224,322560,0.0,1.0,0.0,4
2025-03-18 22:48:08,17.9,54.7,438272,3256320,9216,12288,0.0,1.0,0.0,4
2025-03-18 22:48:13,12.3,54.7,118784,7237632,4096,6144,0.0,1.0,0.0,4
2025-03-18 22:48:18,10.3,54.5,0,2060288,9216,18432,0.0,1.0,0.0,4
2025-03-18 22:48:24,3.3,54.6,81920,1409024,51200,24576,0.0,1.0,0.0,4
2025-03-18 22:48:29,8.0,54.7,217088,7573504,1503232,192512,0.0,1.0,0.0,4
2025-03-18 22:48:34,8.7,54.7,57344,17408000,1433600,77824,0.0,1.0,0.0,4
2025-03-18 22:48:39,9.0,54.8,5464064,9543680,31744,130048,0.0,1.0,0.0,4
2025-03-18 22:48:44,22.0,54.8,0,5070848,44032,10240,0.0,1.0,0.0,4
2025-03-18 22:48:49,12.3,54.8,8192,946176,55296,16384,0.0,1.0,0.0,4
2025-03-18 22:48:54,11.0,54.8,28672,6987776,51200,16384,0.0,1.0,0.0,4
2025-03-18 22:48:59,9.5,54.7,6389760,1638400,53248,44032,0.0,1.0,0.0,4
2025-03-18 22:49:04,38.1,54.8,6139904,1028096,9216,26624,0.0,1.0,0.0,4
2025-03-18 22:49:10,27.9,54.9,5189632,7041024,101376,330752,0.0,1.0,0.0,4
2025-03-18 22:49:15,9.2,54.7,0,7766016,8192,9216,0.0,1.0,0.0,4
2025-03-18 22:49:20,7.8,54.8,0,2142208,9216,13312,0.0,1.0,0.0,4
2025-03-18 22:49:25,3.3,54.8,290816,180224,44032,55296,0.0,1.0,0.0,4
2025-03-18 22:49:30,4.9,54.8,3522560,2142208,4096,17408,0.0,1.0,0.0,4
2025-03-18 22:49:35,8.3,54.4,4096,1286144,2048,19456,0.0,1.0,0.0,4
2025-03-18 22:49:40,7.8,54.7,16384,1150976,1024,18432,0.0,1.0,0.0,4
2025-03-18 22:49:45,6.3,54.7,0,5902336,2048,6144,0.0,1.0,0.0,4
2025-03-18 22:49:50,16.8,54.7,0,14897152,2867200,133120,0.0,1.0,0.0,4
2025-03-18 22:49:55,7.5,54.4,0,7057408,9216,29696,0.0,1.0,0.0,4
2025-03-18 22:50:01,24.2,55.5,1720320,6950912,24576,38912,0.0,1.0,0.0,4
2025-03-18 22:50:06,13.1,55.3,117985280,3813376,71680,428032,0.0,1.0,0.0,4
2025-03-18 22:50:11,12.4,55.1,831488,2588672,27648,38912,0.0,1.0,0.0,4
2025-03-18 22:50:16,14.8,55.0,565248,9072640,63488,333824,0.0,1.0,0.0,4
2025-03-18 22:50:21,13.5,55.2,3674112,23490560,1487872,561152,0.0,1.0,0.0,4
2025-03-18 22:50:26,10.6,55.0,880640,8294400,90112,41984,0.0,1.0,0.0,4
2025-03-18 22:50:31,5.9,54.8,663552,14082048,41984,100352,0.0,1.0,0.0,4
2025-03-18 22:50:36,5.7,54.8,2379776,2187264,5120,15360,0.0,1.0,0.0,4
2025-03-18 22:50:41,12.0,54.9,30273536,9916416,113664,615424,0.0,1.0,0.0,4
2025-03-18 22:50:47,5.4,54.8,483328,12992512,11264,14336,0.0,1.0,0.0,4
2025-03-18 22:50:52,15.8,55.0,5701632,6389760,142336,377856,0.0,1.0,0.0,4
2025-03-18 22:50:57,19.4,54.9,11079680,8880128,59392,362496,0.0,1.0,0.0,4
2025-03-18 22:51:02,8.8,54.9,540672,3022848,28672,75776,0.0,1.0,0.0,4
2025-03-18 22:51:07,13.7,55.1,7569408,4091904,65536,509952,0.0,1.0,0.0,4
2025-03-18 22:51:12,20.8,55.0,6094848,716800,24576,28672,0.0,1.0,0.0,4
2025-03-18 22:51:17,3.3,55.0,12288,9674752,14336,23552,0.0,1.0,0.0,4
2025-03-18 22:51:22,4.7,55.0,147456,2818048,47104,317440,0.0,1.0,0.0,4
2025-03-18 22:51:27,13.7,55.1,188416,1392640,48128,75776,0.0,1.0,0.0,4
2025-03-18 22:51:33,2.4,55.0,53248,450560,9216,10240,0.0,1.0,0.0,4
2025-03-18 22:51:38,4.0,54.9,49152,1191936,4096,14336,0.0,1.0,0.0,4
2025-03-18 22:51:43,19.2,55.1,655360,4128768,6144,6144,0.0,1.0,0.0,4
2025-03-18 22:51:48,0.8,55.0,0,4968448,2048,12288,0.0,1.0,0.0,4
2025-03-18 22:51:53,4.0,55.0,143360,2412544,13312,38912,0.0,1.0,0.0,4
2025-03-18 22:51:58,10.4,55.2,12288,1777664,31744,71680,0.0,1.0,0.0,4
2025-03-18 22:52:03,12.8,55.1,16384,81920,3072,25600,0.0,1.0,0.0,4
2025-03-18 22:52:08,5.0,55.0,32768,544768,15360,26624,0.0,1.0,0.0,4
2025-03-18 22:52:13,12.1,54.8,593920,5722112,13312,11264,0.0,1.0,0.0,4
2025-03-18 22:52:19,7.3,54.7,3682304,1564672,91136,113664,0.0,1.0,0.0,4
2025-03-18 22:52:24,4.0,54.5,10633216,14454784,16384,27648,0.0,1.0,0.0,4
2025-03-18 22:52:29,15.4,54.7,245760,4669440,99328,345088,0.0,1.0,0.0,4
2025-03-18 22:52:34,14.0,54.5,200704,663552,15360,59392,0.0,1.0,0.0,4
2025-03-18 22:52:39,14.6,54.9,851968,4268032,60416,317440,0.0,1.0,0.0,4
2025-03-18 22:52:44,13.6,54.8,1052672,7143424,41984,80896,0.0,1.0,0.0,4
2025-03-18 22:52:49,12.7,54.9,49152,573440,32768,76800,0.0,1.0,0.0,4
2025-03-18 22:52:54,22.8,55.1,0,2158592,37888,89088,0.0,1.0,0.0,4
2025-03-18 22:52:59,9.2,55.0,16384,630784,71680,109568,0.0,1.0,0.0,4
2025-03-18 22:53:05,45.2,54.9,36864,1363968,65536,121856,0.0,1.0,0.0,4
2025-03-18 22:53:10,20.7,54.7,3457024,2990080,29696,40960,0.0,1.0,0.0,4
2025-03-18 22:53:15,12.1,54.6,1191936,8183808,20480,20480,0.0,1.0,0.0,4
2025-03-18 22:53:20,4.7,54.5,270336,196608,31744,25600,0.0,1.0,0.0,4
2025-03-18 22:53:25,8.5,54.4,913408,2252800,50176,77824,0.0,1.0,0.0,4
2025-03-18 22:53:30,3.9,54.4,45056,225280,69632,113664,0.0,1.0,0.0,4
2025-03-18 22:53:35,6.3,54.4,131072,983040,35840,37888,0.0,1.0,0.0,4
2025-03-18 22:53:40,10.0,54.5,2875392,7606272,21504,23552,0.0,1.0,0.0,4
2025-03-18 22:53:45,10.2,54.4,299008,7987200,24576,262144,0.0,1.0,0.0,4
2025-03-18 22:53:51,2.4,54.4,442368,3563520,25600,55296,0.0,1.0,0.0,4
2025-03-18 22:53:56,10.2,54.4,36864,2457600,7168,11264,0.0,1.0,0.0,4
2025-03-18 22:54:01,13.0,54.5,294912,794624,132096,13312,0.0,1.0,0.0,4
2025-03-18 22:54:06,10.8,54.4,77824,290816,2048,18432,0.0,1.0,0.0,4
2025-03-18 22:54:11,18.9,54.5,5476352,2998272,159744,37888,0.0,1.0,0.0,4
2025-03-18 22:54:16,7.4,54.2,61440,11161600,186368,27648,0.0,1.0,0.0,4
2025-03-18 22:54:21,37.5,54.1,8192,1519616,149504,18432,0.0,1.0,0.0,4
2025-03-18 22:54:26,16.1,54.1,32555008,7983104,79872,198656,0.0,1.0,0.0,4
2025-03-18 22:54:31,8.9,54.2,61939712,4730880,36864,43008,0.0,1.0,0.0,4
2025-03-18 22:54:37,16.7,54.8,14348288,1466368,11264,18432,0.0,1.0,0.0,4
2025-03-18 22:54:42,11.1,54.8,32768,995328,26624,18432,0.0,1.0,0.0,4
2025-03-18 22:54:47,11.0,55.0,0,4685824,19456,13312,0.0,1.0,0.0,4
2025-03-18 22:54:52,23.8,54.9,339968,2670592,25600,16384,0.0,1.0,0.0,4
2025-03-18 22:54:57,14.8,54.7,2658304,5353472,78848,337920,0.0,1.0,0.0,4
2025-03-18 22:55:02,12.0,54.9,40960,110592,10240,35840,0.0,1.0,0.0,4
2025-03-18 22:55:07,5.8,54.9,258048,2420736,57344,63488,0.0,1.0,0.0,4
2025-03-18 22:55:12,23.2,54.9,20480,167936,18432,27648,0.0,1.0,0.0,4
2025-03-18 22:55:17,13.1,54.9,12288,7258112,29696,18432,0.0,1.0,0.0,4
2025-03-18 22:55:22,8.0,54.9,8192,2572288,20480,5120,0.0,1.0,0.0,4
2025-03-18 22:55:28,16.1,54.9,102400,1130496,21504,10240,0.0,1.0,0.0,4
2025-03-18 22:55:33,8.7,54.7,147456,282624,16384,10240,0.0,1.0,0.0,4
2025-03-18 22:55:38,9.0,54.8,15065088,3555328,29696,36864,0.0,1.0,0.0,4
2025-03-18 22:55:43,8.9,54.9,196608,6619136,8192,6144,0.0,1.0,0.0,4
2025-03-18 22:55:48,9.2,54.9,32768,1224704,17408,11264,0.0,1.0,0.0,4
2025-03-18 22:55:53,11.7,54.9,0,98304,17408,12288,0.0,1.0,0.0,4
2025-03-18 23:42:07,44.0,55.4,28672,0,0,1024,0.0,1.0,0.0,4
2025-03-18 23:43:35,8.3,55.5,1630208,0,0,0,0.0,1.0,0.0,4
2025-03-18 23:43:40,12.8,55.5,83283968,2555904,21504,29696,0.0,1.0,0.0,4
2025-03-18 23:43:45,81.3,55.5,87474176,5607424,1024,2048,0.0,1.0,0.0,4
